<?xml version="1.0" encoding="UTF-8"?>
<!DOCTYPE mapper PUBLIC "-//mybatis.org//DTD Mapper 3.0//EN" "http://mybatis.org/dtd/mybatis-3-mapper.dtd">

<mapper namespace="io.renren.modules.sys.dao.SysRoleDao">

	<select id="queryObject" resultType="io.renren.modules.sys.entity.SysRoleEntity">
		select * from sys_role where role_id = #{value}
	</select>
	
	<select id="queryList" resultType="io.renren.modules.sys.entity.SysRoleEntity">
		select * from sys_role 
		<where>
			<if test="roleName != null and roleName.trim() != ''">
				and `role_name` like concat('%',#{roleName},'%') 
			</if>
			<if test="createUserId != null">
				and create_user_id = #{createUserId} 
			</if>
		</where>
		<choose>
			<when test="sidx != null and sidx.trim() != ''">
				order by ${sidx} ${order}
			</when>
			<otherwise>
				order by role_id asc
			</otherwise>
		</choose>
		<if test="offset != null and limit != null">
			limit #{offset}, #{limit}
		</if>
	</select>
	
	<select id="queryTotal" resultType="int">
		select count(*) from sys_role 
		<where>
			<if test="roleName != null and roleName.trim() != ''">
				and `role_name` like concat('%',#{roleName},'%') 
			</if>
			<if test="createUserId != null">
				and create_user_id = #{createUserId} 
			</if>
		</where>
	</select>
	
	<insert id="save" parameterType="io.renren.modules.sys.entity.SysRoleEntity" useGeneratedKeys="true" keyProperty="roleId">
		insert into sys_role
		(
			`role_id`, 
			`role_name`, 
			`remark`,
			`create_user_id`,
			`create_time`
		)
		values
		(
			#{roleId}, 
			#{roleName}, 
			#{remark},
			#{createUserId},
			#{createTime}
		)
	</insert>
	 
	<update id="update" parameterType="io.renren.modules.sys.entity.SysRoleEntity">
		update sys_role 
		<set> 
			<if test="roleName != null">`role_name` = #{roleName}, </if>
			<if test="remark != null">`remark` = #{remark}</if>
		</set>
		where role_id = #{roleId}
	</update>
	
	<delete id="deleteBatch">
		delete from sys_role where role_id in 
		<foreach item="roleId" collection="array" open="(" separator="," close=")">
			#{roleId}
		</foreach>
		;
		delete from sys_role_menu where role_id in 
		<foreach item="roleId" collection="array" open="(" separator="," close=")">
			#{roleId}
		</foreach>
		;
		delete from sys_user_role where role_id in 
		<foreach item="roleId" collection="array" open="(" separator="," close=")">
			#{roleId}
		</foreach>
	</delete>
	
	<!-- 查询用户创建的角色ID列表 -->
	<select id="queryRoleIdList" resultType="long">
		select role_id from sys_role where create_user_id = #{createUserId} 
	</select> 
</mapper>