<?xml version="1.0" encoding="UTF-8"?>
<!DOCTYPE generatorConfiguration
        PUBLIC "-//mybatis.org//DTD MyBatis Generator Configuration 1.0//EN"
        "http://mybatis.org/dtd/mybatis-generator-config_1_0.dtd">

<generatorConfiguration>
    <context id="Mysql" targetRuntime="com.huobi.jp.mgt.mybatis.generator.MyBatis3CodeGenerator" defaultModelType="flat">
        <property name="javaFileEncoding" value="UTF-8"/>
        <plugin type="com.huobi.jp.mgt.mybatis.generator.MBGRepositoryPlugin"/>
        <plugin type="com.huobi.jp.mgt.mybatis.generator.PaginationPlugin"/>
        <commentGenerator type="com.huobi.jp.mgt.mybatis.generator.MyCommentGenerator"/>

        <jdbcConnection driverClass="com.mysql.jdbc.Driver"
                        connectionURL="jdbc:mysql://10.111.3.167:3306/jp_mgt"
                        userId="jp_mgt"
                        password="OIh5w5WF47u677b6b4Bg">
        </jdbcConnection>

        <javaTypeResolver>
            <property name="forceBigDecimals" value="false"/>
        </javaTypeResolver>

        <javaModelGenerator targetPackage="com.huobi.jp.mgt.modules.my.entity" targetProject="src/main/java">
            <property name="trimStrings" value="true"/>
        </javaModelGenerator>

        <sqlMapGenerator targetPackage="my.mapper" targetProject="src/main/resources">
        </sqlMapGenerator>

        <!--ANNOTATEDMAPPER, XMLMAPPER-->
        <javaClientGenerator type="XMLMAPPER" targetPackage="com.huobi.jp.mgt.modules.my.mapper" targetProject="src/main/java">
        </javaClientGenerator>

        <table schema="jp_mgt" tableName="qrtz_%">
            <property name="removePrefix" value="T"/>
            <generatedKey column="id" sqlStatement="Mysql" identity="true"/>
        </table>

    </context>
</generatorConfiguration>