<?xml version="1.0" encoding="UTF-8"?>
<!DOCTYPE mapper PUBLIC "-//mybatis.org//DTD Mapper 3.0//EN" 
"http://mybatis.org/dtd/mybatis-3-mapper.dtd">
<mapper namespace="com.huobi.jp.mgt.modulessys.dao.SysUserDao">
    <resultMap id="fieldMapper" type="com.huobi.jp.mgt.modulessys.entity.SysUser">
		<id property="userId" column="USER_ID" /><!---->
        <result property="username" column="USERNAME" /><!--用户名-->
        <result property="password" column="PASSWORD" /><!--密码-->
        <result property="salt" column="SALT" /><!--盐-->
        <result property="secret" column="SECRET" /><!--GA密码-->
        <result property="email" column="EMAIL" /><!--邮箱-->
        <result property="mobile" column="MOBILE" /><!--手机号-->
        <result property="status" column="STATUS" /><!--状态  0：禁用   1：正常-->
        <result property="deptId" column="DEPT_ID" /><!--部门ID-->
        <result property="createTime" column="CREATE_TIME" /><!--创建时间-->
    </resultMap>
    <sql id="field">
	    USER_ID,
	    USERNAME,
	    PASSWORD,
	    SALT,
	    SECRET,
	    EMAIL,
	    MOBILE,
	    STATUS,
	    DEPT_ID,
	    CREATE_TIME
    </sql>
    <sql id="property">
		#{userId,jdbcType=BIGINT},
		#{username,jdbcType=VARCHAR},
		#{password,jdbcType=VARCHAR},
		#{salt,jdbcType=VARCHAR},
		#{secret,jdbcType=VARCHAR},
		#{email,jdbcType=VARCHAR},
		#{mobile,jdbcType=VARCHAR},
		#{status,jdbcType=TINYINT},
		#{deptId,jdbcType=BIGINT},
		#{createTime,jdbcType=TIMESTAMP}
    </sql>
    <sql id="fieldAsProperty">
		USER_ID AS userId,
		USERNAME AS username,
		PASSWORD AS password,
		SALT AS salt,
		SECRET AS secret,
		EMAIL AS email,
		MOBILE AS mobile,
		STATUS AS status,
		DEPT_ID AS deptId,
		CREATE_TIME AS createTime
    </sql>

    <sql id="fieldEqProperty">
	    USER_ID=#{userId,jdbcType=BIGINT},
	    USERNAME=#{username,jdbcType=VARCHAR},
	    PASSWORD=#{password,jdbcType=VARCHAR},
	    SALT=#{salt,jdbcType=VARCHAR},
	    SECRET=#{secret,jdbcType=VARCHAR},
	    EMAIL=#{email,jdbcType=VARCHAR},
	    MOBILE=#{mobile,jdbcType=VARCHAR},
	    STATUS=#{status,jdbcType=TINYINT},
	    DEPT_ID=#{deptId,jdbcType=BIGINT},
	    CREATE_TIME=#{createTime,jdbcType=TIMESTAMP}
    </sql>
    <sql id="fieldEqPropertyIf">
        <if test="userId!=null" >USER_ID=#{userId,jdbcType=BIGINT},</if>
        <if test="username!=null" >USERNAME=#{username,jdbcType=VARCHAR},</if>
        <if test="password!=null" >PASSWORD=#{password,jdbcType=VARCHAR},</if>
        <if test="salt!=null" >SALT=#{salt,jdbcType=VARCHAR},</if>
        <if test="secret!=null" >SECRET=#{secret,jdbcType=VARCHAR},</if>
        <if test="email!=null" >EMAIL=#{email,jdbcType=VARCHAR},</if>
        <if test="mobile!=null" >MOBILE=#{mobile,jdbcType=VARCHAR},</if>
        <if test="status!=null" >STATUS=#{status,jdbcType=TINYINT},</if>
        <if test="deptId!=null" >DEPT_ID=#{deptId,jdbcType=BIGINT},</if>
        <if test="createTime!=null" >CREATE_TIME=#{createTime,jdbcType=TIMESTAMP}</if>
    </sql>

    <sql id="idCnd">
        <where>
        <if test="userId!=null" >USER_ID=#{userId,jdbcType=BIGINT}</if>
        <if test="userId==null" >AND 1=0</if>
        </where>
    </sql>

    <insert id="save" parameterType="com.huobi.jp.mgt.modulessys.entity.SysUser">
        INSERT INTO sys_user (<include refid="field"/>) VALUES (<include refid="property"/>)
    </insert>

    <delete id="deleteById" parameterType="com.huobi.jp.mgt.modulessys.entity.SysUser" >
        DELETE FROM  sys_user <include refid="idCnd" />
    </delete>

    <select id="selectById" resultType="com.huobi.jp.mgt.modulessys.entity.SysUser" parameterType="com.huobi.jp.mgt.modulessys.entity.SysUser">
        SELECT<include refid="fieldAsProperty" />FROM sys_user<include refid="idCnd" />
    </select>

    <update id="updateByIdSelective" parameterType="com.huobi.jp.mgt.modulessys.entity.SysUser">
        UPDATE sys_user<set><include refid="fieldEqPropertyIf" /></set><include refid="idCnd" />
    </update>

    <update id="updateById" parameterType="com.huobi.jp.mgt.modulessys.entity.SysUser">
        UPDATE sys_user<set><include refid="fieldEqProperty" /></set><include refid="idCnd" />
    </update>
</mapper>

